<?xml version="1.0" encoding="UTF-8" ?>
<jdbcDataAdapter class="net.sf.jasperreports.data.jdbc.JdbcDataAdapterImpl"><name>DataAdapterProyectoWeb</name><driver>org.postgresql.Driver</driver><username>tsrjuulvshvrdb</username><password>fcddef80d1bcca1ee0210d0ff13171925557c0092d0c79a2b89da321f88f9ada</password><savePassword>true</savePassword><url>jdbc:postgresql://ec2-34-236-87-247.compute-1.amazonaws.com:5432/d3at1e0qnhrgfe</url><database></database><serverAddress></serverAddress></jdbcDataAdapter>